EAN,EAN_OnPage,ASIN,SupplierTitle,AmazonTitle,bought_in_past_month,SupplierPrice_incVAT,SupplierPrice_exVAT,SellingPrice_incVAT,NetProceeds,NetProfit,ROI,ProfitMargin,match_type,matching_score
5055141690639,5055141690639,B008EM3JOA,Pink & White Confetti In Display Box,"20 Boxes of White and Silver Bio Confetti, by White Candle Company",,0.72,0.6,24.81,14.56375,14.01375,1218.586957,67.78113664,ean_match,
5707167460917,5707167460917,B0074H1FGA,Polystyrene Ball - 6cm.  Great for Sweetie Trees!,Creativ 543130 25-Piece 12 cm Polystyrene Balls,,2.148,1.79,30.19,12.43833333,11.88833333,508.048433,47.25405763,ean_match,
5056349257440,5056349257440,B0D3QG2KVD,Natural & Black Jute Braided Rope Basket with Liner (19 x 16cm),Set of 3 Natural Stripe Seagrass and Braided Jute Lined Basket - Flower Vase Container,,2.388,1.99,24.99,13.30125,12.75125,502.0177165,61.2304922,ean_match,
5038168001756,5038168001756,B006FIETEO,Baby's Breath Artificial Flower - Cerise (12 Stems),Babies Breath - Lemon (Pk 72),,1.5,1.25,15.34,7.205833333,6.655833333,369.7685185,52.06649283,ean_match,
5038168001749,5038168001749,B01N8Z4ZBF,Baby's Breath Artificial Flower - Pale Pink (12 Stems),Babies Breath 2.5cm Small Artificial Pearl Flowers Pale Blue (72 Pack),,1.5,1.25,15.34,7.205833333,6.655833333,369.7685185,52.06649283,ean_match,
5038168001732,5038168001732,B006FIES2C,Baby's Breath Artificial Flower - Pale Pink (12 Stems),Italian Options Babies Breath 2.5cm Small Artificial Pearl Flowers Antique Pink (72 Pack),,1.5,1.25,15.34,7.205833333,6.655833333,369.7685185,52.06649283,ean_match,
5053154145375,5053154145375,B084GS186B,Suki - Medium Captain Narwhal,Suki Gifts International - Small Captain Narwahl (14537),,3.564,2.97,27.44,12.35666667,11.80666667,335.4166667,51.63265306,ean_match,
5050565139351,5050565139351,B0068QXYLC,Skylanders Party Invites,PMS 20PC INVITES Cup Cake Design 4C Header and OPP Bag,,0.66,0.55,7,2.773333333,2.223333333,202.1212121,38.11428571,ean_match,
5055977062846,5055977062846,B0B7BM7SVZ,Thistle Spray Green 66cm,"APAC Artificial Thistle Purple Spray | Pack of 2 | Thistle Bud Artificial Faux Silk Flower with 3 Heads | Artificial Flower for Vase Display, Home, Wedding, Restaurant, Photography Decorations",,2.592,2.16,13.59,5.05625,4.50625,166.2822878,39.79028698,ean_match,
5055977305622,5055977305622,B07CGHTSL5,34.5cm Black Small Hamper Box,Apac 34cm Yellow Cardboard Hamper Gift Box,,1.668,1.39,10.44,3.595,3.045,156.9587629,35,ean_match,
5030750014724,5030750014724,B004JFQX3A,Pale Pink Tissue - 48 sheet roll,"Bright Ideas Coloured Tissue 48 Sheets, Gift Wrapping Paper for Christmas, Birthday Party and Arts & Crafts, Light Blue, 50cm x 76cm",,2.436,2.03,14.99,4.561666667,4.011666667,155.4909561,32.11474316,ean_match,
5712854335454,5712854335454,B07TK1CPWV,Personalisable Christmas Ornament,Christmas Ornament,,1.668,1.39,11.96,3.486666667,2.936666667,151.3745704,29.46488294,ean_match,
5712854335492,5712854335492,B07TGKMYR2,Personalisable Drop Bauble (7.5cm),"Drop, D 5,5 cm, 1 pc",,1.728,1.44,11.95,3.428333333,2.878333333,144.639866,28.90376569,ean_match,
5060047762175,5060047762175,B08L82B565,8 Inch Round Bread Basket,"12"" Round Bamboo Bread Basket (Pack of 2 Baskets)",,1.428,1.19,9.23,2.937916667,2.387916667,137.23659,31.04550379,ean_match,
5034566607866,5034566607866,B07RCHM9LN,Gigi Giraffe Comforter Blankie,"Aurora, 60786, Baby Gigi Giraffe Pram Toy, Brown",,5.04,4.2,24,6.88,6.33,133.2631579,31.65,ean_match,
5015116235869,5015116235869,B01ID7JU5W,Skylanders Party Invites,In the Night Garden - Party Invitations with Envelopes - Pack of 20,,0.948,0.79,6.95,2.291666667,1.741666667,129.9751244,30.07194245,ean_match,
5712854593854,5712854593854,B0BHBFQ596,Wooden Christmas Trees,Wooden Truck with Christmas Tree Height 6 cm Length 7 cm Width 3.5 cm Pack of 1,,1.872,1.56,10.2,3.255,2.705,128.1990521,31.82352941,ean_match,
8001565353381,8001565353381,B00OO17W20,Light Green Curling Ribbon,Moss Green Curling Ribbon,,1.428,1.19,8.99,2.767916667,2.217916667,127.4664751,29.6051168,ean_match,
5027148012110,5027148012110,B09XGV6K75,Keeleco Adoptable World Sloth (16cm),Keel Toys 25cm Keeleco Adoptable World (Sloth),,8.256,6.88,28.97,9.771666667,9.221666667,124.1139524,38.198136,ean_match,
4103070074233,4103070074233,B00BPPRPXO,Baby blue polka dot 13'' napkins - pk 20,Yellow Polkadot Napkins (20),,1.788,1.49,10.09,3.008333333,2.458333333,120.5065359,29.23686819,ean_match,
5024264739549,5024264739549,B00HQZF8OA,Cupcakes patterned ribbon 15mm x 20m by Berisfords,"Berisfords 35 mm Rainbow Stripe Ribbon, Multi-Color",,7.5,6.25,24.95,7.801666667,7.251666667,106.6421569,34.87775551,ean_match,
5712854593878,5712854593878,B0BHBMVCML,Wooden Christmas Trees,Creotime Wooden Car with Christmas Tree Height 6 cm Width 3.5 cm Pack of 1,,1.872,1.56,10.1,2.776666667,2.226666667,105.5292259,26.45544554,ean_match,
4103070073656,4103070073656,B008CO01C8,Baby blue Gingham 13'' napkins - pk 20,Anniversary House Tiflair Polka Dot Lunch Napkins Light Blue 3 ply,,1.788,1.49,8.64,2.7,2.15,105.3921569,29.86111111,ean_match,
5055977309842,5055977309842,B07HL7LDDK,34.5cm Yellow Small Hamper Box,Hamper Box Cardboard Tray Pale Blue 4594,,1.668,1.39,8.98,2.560833333,2.010833333,103.6512027,26.87082405,ean_match,
5055141686427,5055141686427,B07Y24F9CM,Rectangle Display Basket (H23cm),APAC Large Rectangle Golden Wicker Lined Hamper Display Basket - L58 x W47 x H23cm,,14.316,11.93,38.99,13.27791667,12.72791667,101.9865118,39.17286484,ean_match,
5038451076461,5038451076461,B00I8KPKH2,Princess design bunting - 3m,"CLUB GREEN ""Baby Shower Bunting, Blue, 3 m",,1.752,1.46,8.32,2.493333333,1.943333333,96.68325041,28.02884615,ean_match,
5017224595385,5017224595385,B07KRN3HJ1,Hanging Plaque - Merry Christmas,Christmas Hanging Wooden Wall Plaque - Let It Snow 20cm x 8cm,,1.788,1.49,8.99,2.467916667,1.917916667,94.01552288,25.60066741,ean_match,
5015302106812,5015302106812,B08H12WPX6,Babys First Colouring Pads (2 assorted designs),First Steps Pack Of Four Baby Wash Cloths#2c,,1.116,0.93,6.39,1.935,1.385,93.58108108,26.00938967,ean_match,
5017224723146,5017224723146,B0711ZBM91,Love Life - Mdf Plaque - I Love You To The Moon,Baby Sentiment Hanging Plaque Love You To The Moon and Back,,2.544,2.12,9.99,3.015,2.465,92.32209738,29.60960961,ean_match,
5023797301124,5023797301124,B00NR902B8,Printed coral microfibre wrap with I love Mum and Dad design by Soft Touch,soft touch bear patterned infants deluxe wrap one love dad style supplied,,3.6,3,12.99,3.79125,3.24125,91.3028169,29.94226328,ean_match,
5022896080190,5022896080190,B007JG2VWS,Inflatable Kids Armbands (Assorted),"PMS 12""x8"" ORANGE/WHITE ARMBANDS IN PP BAG W/PRINTED INSERT",,1.404,1.17,6.99,2.105,1.555,90.40697674,26.69527897,ean_match,
5017224864016,5017224864016,B086Q1851K,Beer Glass & Coaster Set - Todays Good Mood,Now or Never Glass Coaster - Tea with You,,0.9,0.75,6.88,1.713333333,1.163333333,89.48717949,20.29069767,ean_match,
1110000541508,1110000541508,B00GN8KXA0,Mum Leaf Grave Pot,APAC Pot Mum Basket Golden Willow 18cm,,2.556,2.13,9.92,2.486666667,1.936666667,72.26368159,23.42741935,ean_match,
5050565692245,5050565692245,B0CXG48RM3,God Save The King Union Jack Heart Bear,"Union Jack Heart Cream Bear Clip-On Plush - 10.16cm, 1 Piece - Versatile Bag Keychain, Backpack Accessory",,2.628,2.19,9.48,2.53,1.98,72.26277372,25.06329114,ean_match,
5055977396651,5055977396651,B0BHT3GBPS,Punt Basket 41cm,"APAC 41cm Artificial Thistle Bush, Silk Flowers Perfect for Home Wedding Party Decorations Flower Arrangements",,4.32,3.6,13.33,3.432083333,2.882083333,69.44779116,25.94523631,ean_match,
5055141658646,5055141658646,B00CA6ARXW,Apac Emerald Satin Ribbon (15mm),White Satin Ribbon - 20m x 15mm,,2.148,1.79,8.99,2.167916667,1.617916667,69.14173789,21.59621802,ean_match,
5050565608178,5050565608178,B0CPLNH1TS,Large Dimple Effect Wine Glass,DIMPLE PROSECCO GLASS LARGE,,1.464,1.22,7.59,1.74625,1.19625,67.58474576,18.91304348,ean_match,
5055977062631,5055977062631,B0BHT3WCX6,Thistle Spray Purple 44cm,"APAC 44cm Artificial Thistle - Green, Silk Flowers Perfect for Home Wedding Party Decorations Flower Arrangements",,2.028,1.69,8.6,1.991666667,1.441666667,64.36011905,20.11627907,ean_match,
5712854404693,5712854404693,B08KSW8TSX,Personalisable Drop Bauble,Wooden Christmas Bauble Decoration Teardrop 7.5 x 4 cm,,1.8,1.5,8.9,1.816666667,1.266666667,61.78861789,17.07865169,ean_match,
8001565224964,8001565224964,B003AJRK4C,Burgundy Polypropylene Ribbon 2inch x 100 yards,Burgundy Polypropylene Ribbon,,2.88,2.4,9.99,2.26625,1.71625,58.1779661,20.61561562,ean_match,
8001565351080,8001565351080,B003AJTJF0,White Polypropylene Ribbon,Snow White Polypropylene Ribbon,,2.88,2.4,9.99,2.26625,1.71625,58.1779661,20.61561562,ean_match,
5050565635181,5050565635181,B0CPLMJW7B,Gel Window Stickers (Assorted),ENGLAND GEL WINDOW STICKERS 15CM X 55CM 2 ASSORTED,,1.656,1.38,7.65,1.62875,1.07875,55.89378238,16.92156863,ean_match,
5055977389073,5055977389073,B0B1Q69Z8J,Tintagel Vintage Hedgerow Rose Spray Peach,Peach Vintage English Rose Spray 69 cm - Artificial Flower,,3.24,2.7,10.5,2.3275,1.7775,54.69230769,20.31428571,ean_match,
5055977389110,5055977389110,B0B1JD634X,Tintagel Vintage Hedgerow Rose Spray Lavender,69 cm Lavender Vintage English Rose Spray - Artificial Flower,,3.24,2.7,10.5,2.3275,1.7775,54.69230769,20.31428571,ean_match,
5055141660243,5055141660243,B00DI30BEQ,Yellow Wired Edge Organza Ribbon (50mm),Quality Florist / Craft Ivory Wired Edge Chiffon Organza Ribbon (50mm wide x 20m),,2.7,2.25,9.5,2.069166667,1.519166667,54.25595238,19.18947368,ean_match,
5055977308814,5055977308814,B0BHT35NP7,Short Stem Single Blue Hydrangea,"APAC 51cm Artificial Hydrangea Flower - White, Single Stem Hydrangea Silk Flowers for Bridal Wedding Bouquets, Home, Office, Party Decoration, Centrepieces, Floral Arrangements",,3.42,2.85,10.75,2.354583333,1.804583333,53.07598039,20.14418605,ean_match,
5055977305905,5055977305905,B07FCNMQLM,Hydrangea Cream,"APAC 20cm Artificial Cream Hydrangea Bush, Silk Flower Plant for Floral Displays, Containers, Hanging Baskets, Home and Garden Decoration",,2.256,1.88,8.63,1.822916667,1.272916667,52.38340192,17.69988413,ean_match,
5055977305899,5055977305899,B07FCRP656,White Hydrangea Bush (22 x 17 x 9cm),"Apac 20cm Artificial Blue Hydrangea Bush, Silk Flower Plant for Floral Displays, Containers, Hanging Baskets, Home and Garden Decoration",,2.256,1.88,8.63,1.822916667,1.272916667,52.38340192,17.69988413,ean_match,
5055977305912,5055977305912,B07FCQ8VCH,White Hydrangea Bush (22 x 17 x 9cm),"APAC 20cm Artificial Pink Hydrangea Bush, Silk Flower Plant for Floral Displays, Containers, Hanging Baskets, Home and Garden Decoration",,2.256,1.88,8.63,1.822916667,1.272916667,52.38340192,17.69988413,ean_match,
5055977062815,5055977062815,B0BHT23PLZ,Thistle Spray Purple 66cm,"APAC 66cm Artificial Thistle - Green, Silk Flowers Perfect for Home Wedding Party Decorations Flower Arrangements",,2.592,2.16,9.23,1.967916667,1.417916667,52.32164822,18.43445287,ean_match,
8001565224872,8001565224872,B01N6O6LCH,Polypropylene Tartan Ribbon,Bureze Orchid Polypropylene Ribbon,,2.88,2.4,9.5,1.919166667,1.369166667,46.41242938,17.29473684,ean_match,
8001565225022,8001565225022,B00F4L90BA,Baby Pink Polypropylene Ribbon,APAC RIBBON 2INCH 100 YARDS PINK,,2.88,2.4,9.49,1.912083333,1.362083333,46.17231638,17.22339305,ean_match,
5050565649621,5050565649621,B0CPLM8D7Q,3 Ring Turquoise Paddling Pool (34 inch x 8 inch),"3 RING PADDLING POOL 34"" X 8"" BLUE",,5.676,4.73,14.16,2.89,2.34,44.31818182,19.83050847,ean_match,
5055141666252,5055141666252,B09QCT3VM2,Stained Softwood Trug Basket - 29.5cm,Stained Softwood Trug Basket with Lining - Flower Plant Herb Gift,,4.8,4,12.65,2.550416667,2.000416667,43.96520147,18.97628458,ean_match,
5056349220413,5056349220413,B0927BTSVF,19cm Round Two Tone Seagrass and Grey Paper Basket,Round Two Tone Seagrass and Paper Storage Basket 23cm -Single (Grey),,5.04,4.2,12.99,2.59125,2.04125,42.97368421,18.85681293,ean_match,
5053154191808,5053154191808,B06XBY2HH5,Hungry Heroes - Bella Ballerina By Suki Gifts,Suki Gifts International 19180 Hungry Heroes Cup and Bowl Set Princess Poppy,,4.8,4,14.05,2.468333333,1.918333333,42.16117216,16.38434164,ean_match,
1112532011504,1112532011504,B00ABOKC26,Unpeeled Country Basket Set of three,Set of 3 Maxi Bridesmaid Country/Field Baskets,,8.484,7.07,18.68,3.751666667,3.201666667,42.01662292,20.56745182,ean_match,
5053154191839,5053154191839,B06XFXDDVS,Hungry Heroes - Princess Poppy By Suki Gifts,"Suki Gifts International 19183 Hungry Heroes Cup and Bowl Set Bella Ballerina, 7fl oz porcelain cup & 8fl oz porcelain bowl",,4.8,4,14.05,2.458333333,1.908333333,41.94139194,16.29893238,ean_match,
5055977347998,5055977347998,B0BD567CCR,Pearlised Black Bouquet Box - (18 x 18 x 24.5cm) (x10),"APAC 10pcs Flower Box (Pearlised Lavender) - Strong Cardboard Presentation Boxes for Floral Arrangements, Transporting Flowers, Bouquets, Plants, Gifts, 18 x 18 x 24.5cm",,7.8,6.5,17.37,3.39375,2.84375,40.33687943,19.64594128,ean_match,
5022896623144,5022896623144,B00GB8DVFQ,Kids Animal Face Mask - Washable (4 Asst Designs) (Assorted Designs),PMS 3ASST LARGE WILDLIFE KIDS ANIMAL BACKPACK W/HANGTAG,,11.34,9.45,25,4.233333333,3.683333333,36.83333333,17.68,ean_match,
5053154145856,5053154145856,B0BNLNK871,Suki - Small Pink Stella Starfish,Suki Gifts International - Stella Starfish Medium (14585),,5.604,4.67,15.05,2.471666667,1.921666667,36.81353768,15.32225914,ean_match,
5053154101067,5053154101067,B079JS8MS4,Bing Bing Giraffe With Rattle (5.5 Inch),Jungle Friends Bing Bing Giraffe Rattle Blankie,,3.096,2.58,10.64,1.686666667,1.136666667,36.31522897,12.81954887,ean_match,
5055141665439,5055141665439,B007IL5TPA,White Softwood Trug Basket (with handle),White Softwood Lined Trug Basket with Handle & Feet (Pack of 1 Basket),,4.536,3.78,11.66,2.069166667,1.519166667,35.08468052,15.63464837,ean_match,
8001565225046,8001565225046,B00IED1HJI,Burnt Orange Polypropylene Ribbon,Polyribbon 48mm x 100yards Orange,,2.88,2.4,8.98,1.550833333,1.000833333,33.92655367,13.37416481,ean_match,
5017224205727,5017224205727,B00I8OGVK8,Keeleco Baby Twinkle Unicorn Stick Rattle (14cm),WIDDOP TWINKLE RATTLE (8869005),,8.316,6.93,18.99,2.955,2.405,32.15240642,15.19747235,ean_match,
5055141660502,5055141660502,B00803ITX4,Emerald Wired Edge Organza Ribbon (70mm x 20m),Quality Florist / Craft Lilac Wired Edge Chiffon Organza Ribbon (70mm wide x 20m),,3.588,2.99,9.99,1.67625,1.12625,31.81497175,13.52852853,ean_match,
5034566608443,5034566608443,B0749TYN3D,Pom Pom Backpack Clip Blue Soft Toy By Aurora,"Aurora World 60844 Pompom Backpack Clip, Pink",,3.792,3.16,9.91,1.638333333,1.088333333,29.33513028,13.17860747,ean_match,
5060047766593,5060047766593,B00QFCW1LS,Silver Tissue Paper Sheets (Pack of 10),Tissue Paper Assorted (240),,10.74,8.95,20.7,3.3025,2.7525,28.97368421,15.95652174,ean_match,
5055141673137,5055141673137,B09QCSF73L,Lilac Softwood Trug,Natural Softwood Trug Basket with Lining - Flower Plant Herb Gift,,4.404,3.67,10.96,1.683333333,1.133333333,26.85624013,12.40875912,ean_match,
5056349248660,5056349248660,B0BZW4SYCY,Grey Wash Split Willow Basket with Handle (16cm Dia),Grey Wash Lined Barrel with Rope Handles - 25.3cm - Herb Plant Flower Gift Pot,,8.544,7.12,16.99,2.504583333,1.954583333,25.48348544,13.80517952,ean_match,
5034566610705,5034566610705,B07LFJFM4Y,Sparkle Tales Blue Penguin (7 Inch),"Aurora, 61070, Sparkle Tales, Rocky Penguin, 12In, Soft Toy, Blue",,9.36,7.8,20.05,2.538333333,1.988333333,23.81237525,11.90024938,ean_match,
5055977318509,5055977318509,B0BHTCFTLR,Queen Chrysanthemum Peach,"APAC Chrysanthemum Bloom - Cream, Silk Flowers Perfect for Home Wedding Party Decorations Flower Arrangements",,4.956,4.13,11.55,1.64125,1.09125,23.31730769,11.33766234,ean_match,
5050565733610,5050565733610,B0CXG8WZJV,Kendall Sitting Value Bear with Mum Heart (30cm),"My Mum is the Best Embroidered Heart Gracie Grey Bear (36cm) 1 Pc. - Cuddly & Adorable Design, for Mother's Day, Birthdays, & Special Occasion",,5.256,4.38,13.48,1.683333333,1.133333333,22.98850575,10.08902077,ean_match,
5017224834026,5017224834026,B07T7HRZQX,Bambino Grey Plush Rabbit Medium 1(8cm),Bambino Grey Soft Plush Bunny Rabbit Soft Toy Large 31cm,,9.588,7.99,19.9,2.033333333,1.483333333,17.36924278,8.944723618,ean_match,
