EAN,SupplierTitle,AmazonTitle,bought_in_past_month
5053249248073,151 WHITE NO-DRIP GLOSS PAINT 300ML,"LG OLED48C45LA 48-Inch OLED Evo 4K UHD Smart TV, (Î±9 AI Processor Gen7, Dolby Atmos, Freeview Play and Amazon Alexa, 120Hz), Umber Brown [Model 2024]",500
5033601010654,EUROWRAP GIANT BIRTHDAY BADGE GIRL 3,"Motorola edge 60 fusion, Pantone Slipstream, Moto AI Smartphone, 50MP Sony LYTIA Camera, with Co2 offset",100
5015302457396,RSW BRIGHTS WASHING UP BOWL,"Hyundai Petrol Backpack Leaf Blower, 170mph, 52cc 2 Stroke Engine With Support Harnesses, Anti-vibration, 55 Mins Per Litre Of Fuel",100
5050565845627,I LOVE YOU BALLOON 40CM,"Mould King V8 Engine Building Blocks Set, 2250 PCS Combustion Engine Model Kit That Runs, Mini Engine for Adults with Battery, Engineering Construction STEM Toy for Boys Girls",50
5015302203115,WORLD OF PETS TOY BALL LAUNCHER 62CM ASSORTED,PetSafe Automatic Ball Launcher Dog Toy â€“ Tennis Ball Throwing Machine for Dogs â€“ Indoor or Outside Play â€“ Easy-Open Packaging,50
5060082728921,DLUX PEGS WITH SOFT RUBBER GRIP PLASTIC LARGE 12 PIECES,"Mould King V8 Engine Building Blocks Set, 2250 PCS Combustion Engine Model Kit That Runs, Mini Engine for Adults with Battery, Engineering Construction STEM Toy for Boys Girls",50
5056170346795,ARTIST PAINT BRUSHES 10PC,"LEGO Ç€ Marvel Spider-Man vs. Oscorp - Interactive Toy with a Motorbike, 8 Minifigures incl. Miles Morales & Green Goblin - Collectible Super Hero Gift for 10+ Year Old Boys & Fans - 76324",400
5010353328800,MINKY CURVE SCOURER 2PC,"Powerful 2200W Premium Garment Steamer with 3L Water Tank, Dual Steam Settings for Rapid Wrinkle Release, Suitable for All Fabrics Including Delicates, Updated Design, Fridja f1200 Clothes Steamer Pro",100
5060082727214,STARWASH CLOTHES LINE 30M,"Mould King V8 Engine Building Blocks Set, 2250 PCS Combustion Engine Model Kit That Runs, Mini Engine for Adults with Battery, Engineering Construction STEM Toy for Boys Girls",50
5022822226623,STATUS LED G9 2W LED CAPSULE BULB EACH,"17.5"" Portable DVD Player with 15.6"" Large HD Swivel Screen, 6 Hours Rechargeable Battery, Support USB/SD Card/Sync TV and Multiple Disc Formats, No Region Restrict, High Volume Speaker, Black",500
5012904079582,CHEF AID LANC PEELER PLASTIC HAND,"NiwNiw Heavy Duty Trailer Hitch Lock with Forged Steel Safety Ball Ifor Williams Knott Avonride 50mm Head (575003/575004/575005/575008),High Security Anti-Theft Caravan Tow Bar Coupling Lock",50
8003653005004,TONKITA TOILET BRUSH & HOLDER,"Nespresso Citiz Coffee Machine by De'Longhi for Original Coffee Pods, Italian Inspired Espresso, Quality Coffee, Starter Capsule Set Included, EN167.B, Black",900
6923456819818,ADORN PLACEMAT GOLD EMBOSSED 37CM ASSORTED,EVER ADVANCED Luxury Camping Chairs for Adults Heavy Duty Loadable 150kg High Back Oversized Folding Garden Chair Padded 6cm Comfy with Cup Holder Side Pocket Dining Chairs 4-Position Recliner,100
4894158018552,FESTIVE MAGIC BELLS 8PC ASSORTED,"Hazel Quinn x Eduardo Recife 2-Slice Toaster, 6 Browning Levels, Defrost/Reheat/Cancel Functions, Removable Crumb Tray for Easy Cleaning, 1.5-Inch Extra-Wide Slots, Retro Style Collaboration",50
5414886287533,EASY STORAGE VACUUM BAG 70X100CM,John Deere Ride-on Tractor with Loader and Detachable Trailer,100
5050565743725,CEMENT FLOWER POT WITH SUCCULENT CIRCLE 3 ASSORTED,"Sewing Machine for Beginners â€“ Portable Electric with 12 Built-In Stitch Patterns, 6 Presser Feet, Foot Pedal, 2-Speed Control, Fast Sewing for Clothes, Fabrics, DIY & Home Use",100
5012904000425,CHEF AID MINI SPOUT BRUSH,"NiwNiw Heavy Duty Trailer Hitch Lock with Forged Steel Safety Ball Ifor Williams Knott Avonride 50mm Head (575003/575004/575005/575008),High Security Anti-Theft Caravan Tow Bar Coupling Lock",50
5055706641151,PROKLEEN SPUNLACE FLOOR MOP & HANDLE,"Oversize Turbo Dryer Blower,Car Accessories,Max Instantaneous Thrust 1.60KG,4 Speeds,64MM Super Big Electric Cordless Air Blower for Leaf,Patio Cleaning,Lawn Care & Car Drying (Shining Black)",50
5055441451442,DEKTON RIGHT ANGLE BRACKETS 8PCS,"LEGO 10327 Icons Dune Atreides Royal Ornithopter, Model Kit for Adults to Build, Movie-Themed Aviation Gifts for Men, Women, Him, Her, Vehicle Set with 8 Minifigures Inc. Chani & Baron Harkonnen",100
5012904018475,TALA STAINLESS STEEL TOWEL HOLDER,"NiwNiw Heavy Duty Trailer Hitch Lock with Forged Steel Safety Ball Ifor Williams Knott Avonride 50mm Head (575003/575004/575005/575008),High Security Anti-Theft Caravan Tow Bar Coupling Lock",50
