Verdict,Confidence,SupplierTitle,AmazonTitle,Supplier EAN,Amazon EAN,ASIN,SupplierPrice,SellingPrice,NetProfit,ROI,Sales,Pack Verdict,Adjusted Profit,Key Match Evidence,Filter Reason
NEEDS VERIFICATION,60,SQUARE SPICE JAR BLACK/WHITE,"Square Spice Jars Set of 24 with Bamboo Lids, Shaker Inserts, Pre-Printed English Labels, Black a...",6923456823471,-,B0CNCZJLYF,£0.78,£24.99,£10.72,893.75%,200,1:1 Match,£10.72,Brand match: SQUARE,Needs verification
NEEDS VERIFICATION,60,ORAL B TOOTHBRUSH KIDS STAR WARS EACH,"Oral-B Pro Junior Kids Electric Toothbrush, 1 Star Wars Mandalorian Handle, 1 Toothbrush Head, 3 ...",4210201193616,8006540774823,B0C143F196,£4.69,£49.99,£26.51,594.36%,100,1:1 Match,£26.51,Brand match: ORAL,Needs verification
NEEDS VERIFICATION,60,BLOCK TECH 50 BRICKS AND FIGURE,Block Tech Drip Bear Black / Urban 252-Piece Building Brick Art Set for Kids Age 6+ / Cool Collec...,5015934639801,-,B0FY6CSD9Q,£1.01,£14.99,£6.82,490.50%,100,1:1 Match,£6.82,Brand match: BLOCK,Needs verification
NEEDS VERIFICATION,60,SUPERIOR ROUND 10 CONTAINER & LID 2 OZ,Superior 20-Pack 16oz Microwave Containers With Lids â€“ Durable Crack-Resistant Clear Round Food...,5060357992750,5060357992415,B07MZ2Z9GL,£0.67,£13.97,£5.30,477.63%,100,1:1 Match,£5.30,Brand match: SUPERIOR,Needs verification
NEEDS VERIFICATION,60,BLOCK TECH MINI BUILDZ ASSORTED,Block Tech Drip Bear Black / Urban 252-Piece Building Brick Art Set for Kids Age 6+ / Cool Collec...,5015934804230,-,B0FY6CSD9Q,£1.06,£14.99,£6.78,473.98%,100,1:1 Match,£6.78,Brand match: BLOCK,Needs verification
NEEDS VERIFICATION,60,SUPERIOR ROUND 10 CONTAINER & LID 4 OZ,Superior 32oz Food Containers With Lids â€“ 20-Pack Durable Crack-Resistant Clear Round Deli Cont...,5060357992767,5060357992422,B0DKD8V7F6,£0.80,£14.97,£5.64,462.70%,100,1:1 Match,£5.64,Brand match: SUPERIOR,Needs verification
NEEDS VERIFICATION,60,HOBBY FLORIA LACE PRACTICAL BASKET MEDIUM,"Hobby Gift Sewing Box, Wood/Fabric, Embroidered Bee, Medium",8694064013285,5029784903364,B0933MHLG6,£2.00,£24.99,£9.98,449.77%,400,1:1 Match,£9.98,Brand match: HOBBY,Needs verification
NEEDS VERIFICATION,60,WICKED STATIONERY BACKPACK,"WICKED Backpack, Glinda And Elphaba Girls Backpack, Girls School Bag, Kids School Bag",5015934923276,5056814619636,B0FKH5GWYL,£2.89,£19.99,£7.72,260.75%,400,1:1 Match,£7.72,Brand match: WICKED,Needs verification
NEEDS VERIFICATION,60,Dog Figure '8' Knot Ball Rope Toy(12/48),Dog Pet Puppy Chew Toys for Teething Boredom Dogs Rope Ball Knot Training Teeth Dogs Treats Toys ...,5060226032587,729792886936,B0725XC6BS,£0.88,£10.94,£3.24,252.86%,800,1:1 Match,£3.24,Brand match: DOG,Needs verification
NEEDS VERIFICATION,60,FESTIVE MAGIC SANT SLEIGH FELT BUCKET,Festive Childrens Holding DIY Sleigh - Large Xmas Home Decoration Ideal for Small Presents or Sto...,9333527629203,-,B0DM9FNQ9R,£1.68,£12.99,£4.84,248.27%,300,1:1 Match,£4.84,Brand match: FESTIVE,Needs verification
NEEDS VERIFICATION,60,SOFT FOOTBALL IN CDU 10CM 3 ASSORTED,SoftWhiz Colorful Safe Indoor Football Size 4 for kids / Felt-Cover Soft Football for Inside Your...,5012866061687,5060947842878,B0FTSFB34M,£1.34,£12.34,£4.06,243.31%,200,1:1 Match,£4.06,Brand match: SOFT,Needs verification
NEEDS VERIFICATION,60,LAV FAME WINE GLASS 40CL PK3,LAV 12x Clear 400ml Lal Red Wine Glasses - Large Glass White Rose Long Stem Cocktail Party Drinki...,8692952100840,5055512159437,B087RLGF1Y,£3.43,£23.99,£8.11,237.88%,400,1:1 Match,£8.11,Brand match: LAV,Needs verification
NEEDS VERIFICATION,60,TIDYZ WHEELY BIN LINERS 5 BAGS 300L,Tidyz 30 Extra Large Wheelie Bin Liners Waste Rubbish Bags 300L,5025364005824,5025762919174,B07MGLHMWY,£0.74,£9.98,£2.77,236.47%,500,1:1 Match,£2.77,Brand match: TIDYZ,Needs verification
NEEDS VERIFICATION,60,TIDYZ COMPOSTABLE 15 BAGS 10LTR,Tidyz 6 Packs Of 40 White Plastic Bin Bags - Fits 15L Pedal Bin - Extra Strong Tie Handle - 240 B...,5025364006043,8800202181437,B07F2MFZT5,£0.80,£9.38,£2.73,223.50%,500,1:1 Match,£2.73,Brand match: TIDYZ,Needs verification
NEEDS VERIFICATION,60,TIDYZ PEDAL BIN LINERS 40 WHITE TIE HANDLE 15L,Tidyz 6 Packs Of 40 White Plastic Bin Bags - Fits 15L Pedal Bin - Extra Strong Tie Handle - 240 B...,5025364000652,8800202181437,B07F2MFZT5,£0.80,£9.38,£2.73,223.50%,500,1:1 Match,£2.73,Brand match: TIDYZ,Needs verification
NEEDS VERIFICATION,60,SCHOTT ZWIESEL WHITE WINE GLASS 407ML SET OF 2,"Schott Zwiesel Pure Glassware - White Wine Glasses - Set of 2, 408ml Capacity, Tritan Glass, Dish...",4001836065665,5023041541245,B073XQYNQT,£3.35,£19.99,£7.18,214.92%,200,1:1 Match,£7.18,Brand match: SCHOTT,Needs verification
NEEDS VERIFICATION,60,BABY PIPKIN SILICONE PACIFIER,"Baby Fruit Feeder Set, Includes 2 Food Dummy Feeders with 3 Size Nipples, Silicone Feeder for Bab...",5055706660428,768877243028,B0DT4NPX7D,£0.85,£8.49,£2.48,197.22%,100,1:1 Match,£2.48,Brand match: BABY,Needs verification
NEEDS VERIFICATION,60,EXTRASTAR LED FLASHLIGHT BATTERY TORCH,"EXTRASTAR Head Torch Rechargeable, Headlight with 3 Lights 4 Modes, LED Head Torch Headlamp for C...",8432011550380,-,B09YCKKWHZ,£2.09,£12.99,£4.50,196.56%,100,1:1 Match,£4.50,Brand match: EXTRASTAR,Needs verification
NEEDS VERIFICATION,60,EXTRASTAR LED FLASHLIGHT TORCH,"EXTRASTAR Head Torch Rechargeable, Headlight with 3 Lights 4 Modes, LED Head Torch Headlamp for C...",5060577579977,-,B09YCKKWHZ,£2.09,£12.99,£4.50,196.56%,100,1:1 Match,£4.50,Brand match: EXTRASTAR,Needs verification
NEEDS VERIFICATION,60,VINERS EVERYDAY PURITY 4PC DINNER KNIFE,Viners Everyday Breeze 16 Piece 18/0 Silver Stainless Steel Cutlery Set,5010853265179,5010853267579,B087K9G76Y,£3.96,£20.14,£6.77,175.93%,50,1:1 Match,£6.77,Brand match: VINERS,Needs verification
NEEDS VERIFICATION,60,MASON CASH MIXING BOWL IN THE MEADOW DAFFODIL 21CM,"Mason Cash in The Forest Hedgehog Mixing Bowl 1.1 Litre / 21cm Red S30 Stoneware Bowl for Baking,...",5010853281667,5010853271866,B08KJGYJNK,£4.78,£22.62,£7.96,175.72%,100,1:1 Match,£7.96,Brand match: MASON,Needs verification
NEEDS VERIFICATION,60,LAV GLASS WHISKEY TUMBLER 345ML 3PCE,Lav Coral Tumbler Glasses. Coloured Base (Pack of 6) Whisky Juice Drinking Glasses Set. 345ml,8692952067501,8692952079030,B082XDN4LH,£2.27,£15.00,£4.23,173.36%,200,BUNDLE (2x) - OK,£1.96,Brand match: LAV,Needs verification
NEEDS VERIFICATION,60,SUPERIOR FOIL 5 CONTAINERS & LID 2400ML,"Superior Foil Containers with Lids â€“ 9x13 Inches Sturdy Deep Foil Trays with Lid, Ideal for Coo...",5060357992170,-,B07GZGXQYG,£3.02,£14.79,£5.00,162.74%,200,1:1 Match,£5.00,Brand match: SUPERIOR,Needs verification
NEEDS VERIFICATION,60,PAN AROMA CANDLE 85G LEMONGRASS,"Pan Aroma Orange Decorative Holder & Scented Candle, Salted Caramel, 85G",5053249251615,5053249248356,B09KCLYC1D,£1.30,£9.99,£2.54,156.13%,50,1:1 Match,£2.54,Brand match: PAN,Needs verification
NEEDS VERIFICATION,60,PAN AROMA CANDLE 85G PURE JASMINE,"Pan Aroma Orange Decorative Holder & Scented Candle, Salted Caramel, 85G",5053249251714,5053249248356,B09KCLYC1D,£1.30,£9.99,£2.54,156.13%,50,1:1 Match,£2.54,Brand match: PAN,Needs verification
NEEDS VERIFICATION,60,MASTER COOK CASSEROLE NON-STICK 24CM,"MasterClass Cast Aluminium Cream Casserole Dish, 24cm, 4 Litre, Gift Boxed",742288758937,5057982093273,B0BT51TC8X,£12.84,£48.99,£17.36,154.27%,50,1:1 Match,£17.36,Brand match: MASTER,Needs verification
NEEDS VERIFICATION,60,CURVER RATTAN ROUND LARGE ORGANISER GREY,"CURVER Style Rattan Effect Kitchen, Living room, Bathroom, Bedroom, Utility Large Rectangular Sto...",3253920717177,3253924723150,B092ZL7VRV,£1.50,£15.00,£2.71,150.56%,50,1:1 Match,£2.71,Brand match: CURVER,Needs verification
NEEDS VERIFICATION,60,MUNCH N CRUNCH BIG BONE BISCUITS 3PK 150g,Munch & Crunch Bone Chews for Dogs Multipack - 8 Tripe Filled Rawhide Dog Bones - Tasty Treat Che...,5053249257068,5050375114050,B08MVDCSJQ,£0.94,£8.59,£1.89,141.98%,50,1:1 Match,£1.89,Brand match: MUNCH,Needs verification
NEEDS VERIFICATION,60,STATUS TV TWIN AERAIL ADAPTOR S CLAM IN CDU,Status 15 Metre TV Aerial Cable Extension Kit / White / Extension Lead / S15MTVAEKX12,5022822167575,5022822202900,B08N713Y2V,£0.80,£7.95,£1.73,141.39%,200,1:1 Match,£1.73,Brand match: STATUS,Needs verification
NEEDS VERIFICATION,60,SUPERIOR FOIL 10 CONTAINERS & LID 1 LTR,"Superior 10-Pack Aluminium Foil Trays with Paper Lids, Heavy Duty Aluminium Takeaway Containers, ...",5060357990077,5060357990107,B0DJDH23JW,£2.28,£12.97,£3.28,133.81%,700,1:1 Match,£3.28,Brand match: SUPERIOR,Needs verification
NEEDS VERIFICATION,60,PAN AROMA CANDLE 85G LIME GINGER,"Pan Aroma Orange Decorative Holder & Scented Candle, Salted Caramel, 85G",5053249251813,5053249248356,B09KCLYC1D,£1.53,£9.99,£2.35,129.14%,50,1:1 Match,£2.35,Brand match: PAN,Needs verification
NEEDS VERIFICATION,60,SMART CHOICE 10 RAWHIDE CHICKEN TREAT,Smartbones 10 Chicken Sticks Rawhide Free Chew Dog Treats,1072556214803,810833027156,B07R97DV7D,£1.75,£9.89,£2.33,116.00%,900,1:1 Match,£2.33,Brand match: SMART,Needs verification
NEEDS VERIFICATION,60,WHAM CRYSTAL 32LTR SMOKE BOX & LID,"Wham Crystal 5 x 32L Stackable Plastic Storage Boxes with Lids / Ideal for Home, Office, Toys & M...",5038135251009,9786040194312,6040194316,£4.57,£28.99,£5.02,115.10%,100,1:1 Match,£5.02,Brand match: WHAM,Needs verification
NEEDS VERIFICATION,60,MASON CASH MIXING BOWL OWL STONE 26CM,"Mason Cash in The Forest Owl Mixing Bowl 4 Litre / 26cm Dark Green S18 Stoneware Bowl for Bread, ...",5010853197838,5010853271859,B08KJB12RQ,£6.46,£23.71,£6.54,110.26%,300,1:1 Match,£6.54,Brand match: MASON,Needs verification
NEEDS VERIFICATION,60,SUPERIOR FOIL 10 CONTAINERS & LID 1 LTR,"Superior 10-Pack Aluminium Foil Trays with Paper Lids, Heavy Duty Aluminium Takeaway Containers, ...",5060357990060,5060357990107,B0DJDH23JW,£2.62,£12.97,£3.00,109.83%,700,1:1 Match,£3.00,Brand match: SUPERIOR,Needs verification
NEEDS VERIFICATION,60,MUNCH CRUNCH RAWHIDE PRESSED BONE,Munch & Crunch Bone Chews for Dogs Multipack - 8 Tripe Filled Rawhide Dog Bones - Tasty Treat Che...,5053249226279,5050375114050,B08MVDCSJQ,£1.21,£8.59,£1.66,106.30%,50,1:1 Match,£1.66,Brand match: MUNCH,Needs verification
NEEDS VERIFICATION,60,MUNCH CRUNCH RAWHIDE BONE NAT JUMBO,Munch & Crunch Bone Chews for Dogs Multipack - 8 Tripe Filled Rawhide Dog Bones - Tasty Treat Che...,5050375130043,5050375114050,B08MVDCSJQ,£1.21,£8.59,£1.66,106.30%,50,1:1 Match,£1.66,Brand match: MUNCH,Needs verification
NEEDS VERIFICATION,60,FIRST STEPS  FOOD STORAGE POTS WITH SPOON 4PC ASSORTED,First Steps 8 Baby Food Freezer Cubes Tray 70ml POTS BPA Free,5015302109141,5015302106799,B08CY3F21W,£0.94,£6.99,£1.29,97.37%,50,1:1 Match,£1.29,Brand match: FIRST,Needs verification
NEEDS VERIFICATION,60,SPONTEX QUICK SPRAY MOP DUO,"Spontex Quick Spray Duo Flat Spray Mop with Washable Microfibre Mop Head Pads / Cleans Laminate, ...",3384128001482,3384120013698,B0D67FMZ5N,£15.53,£39.99,£12.73,94.40%,50,1:1 Match,£12.73,Brand match: SPONTEX,Needs verification
NEEDS VERIFICATION,60,SUPERIOR FOIL 5 CONTAINERS & LID 4.5LTR,"Superior Foil Containers with Lids â€“ 9x13 Inches Sturdy Deep Foil Trays with Lid, Ideal for Coo...",5060357994426,5060357992217,B07GZGXQYG,£3.49,£14.79,£3.06,88.58%,200,1:1 Match,£3.06,Brand match: SUPERIOR,Needs verification
NEEDS VERIFICATION,60,HOT WHEELS DIG KIT WITH SAND,"Hot Wheels City Wreck & Ride Gorilla Attack with 1 Hot Wheels Car, Connects to Other Sets, Gas St...",5015934827291,-,B09CGCBVJZ,£4.60,£15.00,£3.83,87.56%,100,1:1 Match,£3.83,Brand match: HOT,Needs verification
NEEDS VERIFICATION,60,GROOV-E WIRED HEADPHONES,groov e Rhythm Wireless Headphones - Active Noise Cancelling Headphones with 32Hrs of Audio Playb...,5060108297097,-,B0DT4DFMS5,£6.98,£19.99,£5.38,84.45%,100,1:1 Match,£5.38,Brand match: GROOV-E,Needs verification
NEEDS VERIFICATION,60,PAN AROMA CANDLE TALL APPLE&CINN EACH,Pan Aroma 16 Tea Lights Apple & Cinnamon,5053249224688,5053249228174,B083XH692T,£1.30,£6.87,£1.33,81.90%,100,1:1 Match,£1.33,Brand match: PAN,Needs verification
NEEDS VERIFICATION,60,PAN AROMA CANDLE ROUND APPLE CINNAMON EACH,Pan Aroma 16 Tea Lights Apple & Cinnamon,5053249216003,5053249228174,B083XH692T,£1.30,£6.87,£1.33,81.90%,100,1:1 Match,£1.33,Brand match: PAN,Needs verification
NEEDS VERIFICATION,60,"ELBOW GREASE COMPLETE OVEN CLEANING KIT (CONTAINS BAG, BOTTLE & GLOVES)",Elbow Grease Oven Cleaner for Domestic Ovens and BBQ - 500 ML Bottle - Bags and Gloves Included -...,5053249238968,5065002321343,B09QHDSK3G,£2.82,£11.95,£2.28,78.44%,100,1:1 Match,£2.28,Brand match: ELBOW,Needs verification
NEEDS VERIFICATION,60,TIDYZ 50 WHITE PEDAL BIN LINERS+HANDLE 15L,Tidyz 3 Packs Of 40 White Plastic Disposable Pedal Bin Liners - Fits 15L Bin - Extra Strong Tie H...,5025364024801,8800202181567,B07F2JQ4B7,£0.85,£7.59,£0.89,70.24%,50,1:1 Match,£0.89,Brand match: TIDYZ,Needs verification
NEEDS VERIFICATION,60,STATUS UK VISITOR TRAVEL ADAPTER,"Status India to UK Power Adaptor, India to UK Travel Adapter for Visitors, White, Pack of 1 (INDI...",5022822159914,5022822223172,B0F44SLX44,£1.21,£7.49,£1.06,68.06%,50,1:1 Match,£1.06,Brand match: STATUS,Needs verification
NEEDS VERIFICATION,60,FALSE EYELASHES 4 ASSTD DESIGNS.,"False Eyelashes 4 Pairs - Professional Reusable Face Eyelashes Fit for All Eyes, Natural Thick Ha...",5050565782236,742025066738,B07RP7YW58,£1.01,£4.99,£0.91,65.35%,200,1:1 Match,£0.91,Brand match: FALSE,Needs verification
NEEDS VERIFICATION,60,MASTER COOK DIE CAST CASSEROLE 24CM,"MasterClass Cast Aluminium Cream Casserole Dish, 24cm, 4 Litre, Gift Boxed",6945702110326,5057982093273,B0BT51TC8X,£20.16,£48.99,£11.26,64.87%,50,1:1 Match,£11.26,Brand match: MASTER,Needs verification
NEEDS VERIFICATION,60,ROUNDUP PATH WEEDKILLER RTU 1LTR 20% FREE,"Roundup Path Weedkiller, Ready to Use, Refill for Pressure Sprayer, 5 Litre",5017676016919,5017676016964,B01MYBH3SU,£6.02,£21.12,£3.52,63.20%,50,1:1 Match,£3.52,Brand match: ROUNDUP,Needs verification
NEEDS VERIFICATION,60,MARIGOLD OUTDOOR GLOVES EXTRA LARGE,Marigold 2 x Extra Tough Outdoor Gloves - Single Pair (Extra Large),5010232988019,9790504074621,B08XWB7JW9,£2.02,£7.99,£1.41,63.15%,200,1:1 Match,£1.41,Brand match: MARIGOLD,Needs verification
NEEDS VERIFICATION,60,SWIRL TUMBLE DRYER SHEETS LAVENDER 35PK,4X Swirl Lavender Tumble Dryer Sheets - 40 per Pack,5053249249056,5053249239842,B085W8MDLH,£1.37,£7.64,£0.99,58.38%,200,1:1 Match,£0.99,Brand match: SWIRL,Needs verification
NEEDS VERIFICATION,60,FURBY MINI PLUSH DIARY SET,Furby Mini Plush Diary Set & Pen Topper â€“ Cute Secret Writing Set for Kids Ages 3+ / Fluffy Not...,5015934889510,-,B0G2ML9K55,£2.89,£9.99,£1.71,57.64%,100,1:1 Match,£1.71,Brand match: FURBY,Needs verification
NEEDS VERIFICATION,60,STATUS TV AERIAL LEAD 5M CABLE IN CDU,Status 15 Metre TV Aerial Cable Extension Kit / White / Extension Lead / S15MTVAEKX12,5022822163881,5022822202900,B08N713Y2V,£1.61,£7.95,£1.05,55.82%,200,1:1 Match,£1.05,Brand match: STATUS,Needs verification
NEEDS VERIFICATION,60,PAN AROMA POTPOURRI ASSORTED,Pan Aroma Set Of 4 Pot Pourri Fragrance - Berries Fluffy Towels Vanilla Coconut Lavender,5053249226552,5056291620842,B08GG7YYSQ,£1.30,£8.88,£0.85,52.15%,200,1:1 Match,£0.85,Brand match: PAN,Needs verification
NEEDS VERIFICATION,60,PAN AROMA POTPOURRI ASSORTED 180G,Pan Aroma Set Of 4 Pot Pourri Fragrance - Berries Fluffy Towels Vanilla Coconut Lavender,5053249269016,5056291620842,B08GG7YYSQ,£1.30,£8.88,£0.85,52.15%,200,1:1 Match,£0.85,Brand match: PAN,Needs verification
NEEDS VERIFICATION,60,TIDYZ FREEZER BAGS 100 PCS XLLARGE,100 TidyZ Large Slide Zip Freezer Bags. Resealable. Zip Lock Food Bags. BPA Free. For Freezing Fr...,5025364005671,5025364007330,B0F24X8FY5,£0.74,£6.49,£0.61,51.99%,900,1:1 Match,£0.61,Brand match: TIDYZ,Needs verification
NEEDS VERIFICATION,60,TIDYZ CARRIERS HANDY BAGS 40 PCS 45CM x 57.5cm,Tidyz 2 Packs Of 40 Handy Bags - Carrier Bags - Fits 15L Pedal Bin - Extra Strong Tie Handle 80 B...,5025364000003,8800202181697,B07F2P9ZXR,£0.80,£6.25,£0.59,48.22%,200,1:1 Match,£0.59,Brand match: TIDYZ,Needs verification
NEEDS VERIFICATION,60,MASTER COOK CASSEROLE NON-STICK 26CM,"MasterClass Casserole Dish with Lid, Large 5L/28 cm, Lightweight Cast Aluminium, Induction Hob an...",742288764617,5028250720191,B072JH8JGG,£14.36,£34.41,£5.00,39.98%,400,1:1 Match,£5.00,Brand match: MASTER,Needs verification
NEEDS VERIFICATION,60,BIN BRITE STICK ON BIN FRESHENER ASSORTED PACK OF 2,"Bin Buddy Fresh Pink Grapefruit & Spring Blossom 450g, Pack of 2 - Bin Freshener Deodoriser Powde...",5053249270975,5020042027075,B0BVLTKB3W,£1.37,£7.90,£0.65,38.66%,200,1:1 Match,£0.65,Brand match: BIN,Needs verification
NEEDS VERIFICATION,60,KIDS CREATE PAINTS AND BRUSH SET,"Kids Paint Brushes, 19pc Childrens Painting Brush Set with Palettes, Colorful Art Brushes for Chi...",5012128062339,793420053908,B09XHGKX17,£1.27,£6.79,£0.61,38.13%,700,1:1 Match,£0.61,Brand match: KIDS,Needs verification
NEEDS VERIFICATION,60,DRAPER SPANNER SET METRIC COMBINATION,Draper 1 x Redline 68481 Metric Combination Spanner Set (11-Piece),5010559684793,5010559684816,B0114IPMS6,£6.18,£15.10,£2.15,37.78%,100,1:1 Match,£2.15,Brand match: DRAPER,Needs verification
NEEDS VERIFICATION,60,SUPERIOR FOIL 10 CONTAINERS & LID 2 LTR,"Superior 10-Pack Aluminium Foil Trays with Paper Lids, Heavy Duty Aluminium Takeaway Containers, ...",5060357990091,5060357990107,B0DJDH23JW,£4.44,£12.97,£1.48,34.78%,700,1:1 Match,£1.48,Brand match: SUPERIOR,Needs verification
NEEDS VERIFICATION,60,DLUX PRO KLEEN MICROFIBRE BATHROOM & KITCHEN MOP REFILL,DLUX PRO-KLEEN Super Absorbent Chenille Flat Floor Mop with Extendable Handle Hardwood Laminate T...,5055706641458,5060716230929,B07Z28HRKB,£0.67,£8.99,£0.38,34.38%,50,1:1 Match,£0.38,Brand match: DLUX,Needs verification
NEEDS VERIFICATION,60,MINKY IRONING BOARD CLIPS PK3,"Minky Easy Fit Ironing board cover + Ironing Board Clips Bundle, 122 x 38 cm",5010353323430,5010353325014,B096K1WR72,£3.90,£11.77,£1.26,33.11%,100,1:1 Match,£1.26,Brand match: MINKY,Needs verification
NEEDS VERIFICATION,60,DRAPER SINK PLUNGER 135MM,Draper Drain Rod Plunger Attachment 4'' / Heavy Duty Outside Drain Sewer Unblocker / 10635,5010559328949,5010559106356,B007H6XATS,£2.40,£9.05,£0.82,32.22%,50,1:1 Match,£0.82,Brand match: DRAPER,Needs verification
NEEDS VERIFICATION,60,PPS FOIL PLATTERS 550X362X30MM,PPS 3 x ALUMINIUM FOIL PLATTER TRAY - 44cm x 29cm disposable foil catering serving dish,5030481930034,5030481930027,B01HILDGK4,£0.88,£7.39,£0.41,31.90%,50,1:1 Match,£0.41,Brand match: PPS,Needs verification
NEEDS VERIFICATION,60,TALA MEAT THERMOMETER 4106,"Tala Stainless Steel Meat Thermometer, Classic Meat Probe for ensuring meat cooked to required le...",5012904041060,-,B000SABZOM,£4.30,£10.99,£1.31,31.68%,50,1:1 Match,£1.31,Brand match: TALA,Needs verification
NEEDS VERIFICATION,60,LITTLE TREES CAR FRESHENER ORANGE JUICE,Little Trees Air Freshener Tree LTZ084 Orange Juice Fragrance For Car Home Boat Caravan - Triple ...,7612720201457,5015926091990,B08DRRKWKQ,£1.12,£4.98,£0.45,30.55%,50,1:1 Match,£0.45,Brand match: LITTLE,Needs verification
NEEDS VERIFICATION,60,RUSSELL HOBBS VIENNA CUTLERY SET 16PC,"Russell Hobbs RH00022GP Vienna 16 Piece Cutlery Set - Stainless Steel Silverware, Service for 4, ...",5054061297706,-,B07C8V2DJ7,£12.97,£24.97,£3.32,29.21%,300,1:1 Match,£3.32,Brand match: RUSSELL,Needs verification
NEEDS VERIFICATION,60,ROLSON CLAW HAMMER FIBREGLASS 8OZ,Rolson 11201 8oz Stubby Claw Hammer,5029594103718,5029594112017,B00JITHXRM,£2.89,£8.09,£0.86,29.11%,300,1:1 Match,£0.86,Brand match: ROLSON,Needs verification
NEEDS VERIFICATION,60,ULTRATAPE PICTURE FRAME TAPE 24MMX50M,Ultratape / Picture Frame Tape / 48mm x 33m,5027785817369,5027785811817,B073VPL2VQ,£1.15,£6.53,£0.43,28.59%,50,1:1 Match,£0.43,Brand match: ULTRATAPE,Needs verification
NEEDS VERIFICATION,60,BLUE CANYON LED VANITY MIRROR 17CM X 22CM,Blue Canyon 17cm Free Standing Round Swivel Mirror - Chrome Finish - Perfect for Shaving and Appl...,5056295702346,-,B007IGLU12,£5.15,£12.15,£1.36,28.02%,100,1:1 Match,£1.36,Brand match: BLUE,Needs verification
NEEDS VERIFICATION,60,FAIRY MAX POWER SOAP DISPENSING DISH BRUSH & REFILLS 3PCS,Fairy Soap Dispensing Dish Brush,5010303194424,5010303180588,B0BYKDX25N,£1.20,£6.57,£0.42,27.42%,50,1:1 Match,£0.42,Brand match: FAIRY,Needs verification
NEEDS VERIFICATION,60,PYREX ESSENTIALS CASSEROLE 6.7LTR RECT,"Pyrex Essentials - Set of 3 glass casseroles high resistance 1,4L/2,1L/3L",3426470283373,764558754944,B00NEKRON4,£13.57,£29.84,£3.19,26.87%,300,1:1 Match,£3.19,Brand match: PYREX,Needs verification
NEEDS VERIFICATION,60,ROLSON PLASTERING TROWEL 280X115MM,"Rolson 52245 Smooth Plastering Trowel, Multi, 280 x 120 mm",5029594522380,5029594522458,B006A7D1O4,£2.68,£9.29,£0.74,26.68%,100,1:1 Match,£0.74,Brand match: ROLSON,Needs verification
NEEDS VERIFICATION,60,BIN BRITE STICK ON OUTDOOR BIN FRESHENER WITH CITRONELLA PACK OF 2,"Bin Buddy Fresh Pink Grapefruit & Spring Blossom 450g, Pack of 2 - Bin Freshener Deodoriser Powde...",5053249270890,5020042027075,B0BVLTKB3W,£1.61,£7.90,£0.45,23.72%,300,1:1 Match,£0.45,Brand match: BIN,Needs verification
NEEDS VERIFICATION,60,BLUEY'S TELEPHONE,Bluey Telephone Electronic Playset Kids Toy Phone Realistic Retro Mobile Interactive Play For Chi...,5050868494317,5056161283627,B0DM64GKWJ,£13.02,£24.99,£2.54,22.32%,100,1:1 Match,£2.54,Brand match: BLUEY'S,Needs verification
NEEDS VERIFICATION,60,YALE ESSENTIALS DEADLOCK P/BRASS 64MM,"Yale British Standard 5 Lever Mortice Deadlock, High Security, Visi Pack, Suitable for External D...",5011802242111,5010608056250,B000TAUFFG,£8.14,£16.99,£1.62,22.08%,200,1:1 Match,£1.62,Brand match: YALE,Needs verification
NEEDS VERIFICATION,60,MASTER COOK CASSEROLE NON-STICK 28CM,"MasterClass Casserole Dish with Lid, Large 5L/28 cm, Lightweight Cast Aluminium, Induction Hob an...",742288764624,5028250720191,B072JH8JGG,£16.73,£34.41,£3.03,20.95%,400,1:1 Match,£3.03,Brand match: MASTER,Needs verification
NEEDS VERIFICATION,60,PPS FOIL PIZZA 2 PLATTERS,PPS 3 x ALUMINIUM FOIL PLATTER TRAY - 44cm x 29cm disposable foil catering serving dish,5030481930652,5030481930027,B01HILDGK4,£1.03,£7.39,£0.28,19.74%,50,1:1 Match,£0.28,Brand match: PPS,Needs verification
NEEDS VERIFICATION,60,MENS BASEBALL CAP CAMO PRINT (2022),"Men Women Camouflage Baseball Cap, Unisex Camo Sun Hat Adjustable Outdoor Hat for Sports Camping ...",5020133138208,4894783023532,B096JSGT2L,£2.98,£7.99,£0.55,18.27%,50,1:1 Match,£0.55,Brand match: MENS,Needs verification
NEEDS VERIFICATION,60,STRETCHERZ SKETCH SQUAD  XXL,Stretcherz XXL Monkee / Super Stretchy Sensory Toy That Expands & Stretches Super Big / Jumbo Fid...,5050835009346,-,B0FCSKKGKL,£6.98,£13.89,£1.06,16.62%,50,1:1 Match,£1.06,Brand match: STRETCHERZ,Needs verification
NEEDS VERIFICATION,60,AMTECH TROWEL MARGIN - SOFT GRIP5X2,"Amtech G0230 150mm (6"") Pointing trowel with soft grip",5032759038138,5032759027644,B00ABJQTPU,£2.00,£7.49,£0.35,15.84%,50,1:1 Match,£0.35,Brand match: AMTECH,Needs verification
NEEDS VERIFICATION,60,MENS THINSULATE KNITTED GLOVE,Mens Fleece Touch Screen Gloves Thinsulate Lined Full Finger Thermal Winter Wooly Work (Black),5020133131308,7625990286796,B08P8RWR18,£3.38,£7.99,£0.47,13.90%,900,1:1 Match,£0.47,Brand match: MENS,Needs verification
NEEDS VERIFICATION,60,CHEF AID PASTRY BRUSH 3 IN 1 CARDED,"Chef Aid Pure Bristle Pastry Brush, Beige",5012904013777,5012904088409,B008CY80YY,£0.77,£3.75,£0.16,13.87%,400,1:1 Match,£0.16,Brand match: CHEF,Needs verification
NEEDS VERIFICATION,60,ROLSON BALL ENDED HEX SCREWDRIVER 7PC BITS,"Rolson 51 pc Screwdriver & Bit Set (Chrome Vanadium Steel, Square, Hex, Pozidriv, Tri-winged, Sta...",5029594303187,5029594284295,B00JITIIQ2,£3.07,£8.47,£0.43,13.77%,400,1:1 Match,£0.43,Brand match: ROLSON,Needs verification
NEEDS VERIFICATION,60,PREMIER FLICKABRIGHT GLASS SPHERE CANDLE 10CM,Premier Decorations Red LED Flickabrights Wax Candle Battery Operated Christmas Decoration Xmas F...,5053844442395,5053844283202,B0CN8RKX3Y,£3.96,£10.95,£0.51,13.12%,50,1:1 Match,£0.51,Brand match: PREMIER,Needs verification
NEEDS VERIFICATION,60,WINDOW STYLE WALL MIRROR  70X36,Window Style Mirror - Living Room Decor Hallway Home Panel Wall Glass 70cm Garden Modern / For Ba...,5024418466734,-,B088KQSG1Q,£10.01,£17.45,£1.06,11.93%,100,1:1 Match,£1.06,Brand match: WINDOW,Needs verification
NEEDS VERIFICATION,60,RUSTINS SCRATCH COVER-DARK 125ML,Rustins Scratch Cover Dark â€“ Conceal Surface Scratches on Dark-Toned Wood Furniture -Easy-to-Us...,5015332451029,-,B001OXC0LO,£2.62,£8.23,£0.31,11.29%,100,1:1 Match,£0.31,Brand match: RUSTINS,Needs verification
NEEDS VERIFICATION,60,PPS FOIL ROASTING 3 DISHES,PPS 3 x ALUMINIUM FOIL PLATTER TRAY - 44cm x 29cm disposable foil catering serving dish,5030481930126,5030481930027,B01HILDGK4,£1.16,£7.39,£0.17,11.07%,50,1:1 Match,£0.17,Brand match: PPS,Needs verification
NEEDS VERIFICATION,60,MASTERCLASS SALT/PAPPER MILL BLACK,"MasterClass Pepper Mill or Salt Grinder with Interchangeable Cap, Black, 17cm",5028250807854,5028250807861,B07MC8YD65,£4.37,£10.49,£0.42,10.06%,100,1:1 Match,£0.42,Brand match: MASTERCLASS,Needs verification
NEEDS VERIFICATION,60,WHAM CRYSTAL CD BOX CLEAR,Wham Pack 5 Crystal 17L Box & Lid Clear,5038135113208,5057604505344,B0B5V4C96Q,£4.02,£21.19,£0.35,8.93%,50,1:1 Match,£0.35,Brand match: WHAM,Needs verification
NEEDS VERIFICATION,60,WOODEN STICKS AND NUMBERS,Wood Toy Counting Rods Mathematical Intelligence Sticks Wooden Number Cards Building Blocks gift ...,5060269266062,741802354372,B0885SSPZ9,£1.94,£5.99,£0.19,8.83%,400,1:1 Match,£0.19,Brand match: WOODEN,Needs verification
NEEDS VERIFICATION,60,ASHLEY CASH BOX 4.5 INCH,Ashley - Metal Cash Box - 20.5cm - Red,5017403013167,5017403013181,B000OTPWNC,£3.56,£10.15,£0.31,8.76%,100,1:1 Match,£0.31,Brand match: ASHLEY,Needs verification
NEEDS VERIFICATION,60,JAUNTY PARTYWARE BALLOONS TWIST 15,Jaunty Partyware 15x Large Punch Balloons for Kids Ideal Party Bag Fillers - 12 Inch Large Size -...,5055566971740,5060984596987,B0C6FQLPV3,£1.21,£4.99,£0.13,8.37%,400,1:1 Match,£0.13,Brand match: JAUNTY,Needs verification
NEEDS VERIFICATION,60,MINKY WASHING LINE PROP SUREGRIP,"Minky Retractable Reel Washing Line with 15 m of Drying Space, Extendable Clothes Line for Laundr...",5010353324369,850002727173,B0001A96H2,£5.24,£11.99,£0.38,7.76%,200,1:1 Match,£0.38,Brand match: MINKY,Needs verification
NEEDS VERIFICATION,60,APOLLO RB CUTTING BOARD 30X20,"Apollo 3245 RB Bread Board 30cm Round, Multi-Colour, 30x1.8x30",5026180059459,5026180032452,B06X6JYSS5,£4.50,£10.99,£0.16,3.68%,100,1:1 Match,£0.16,Brand match: APOLLO,Needs verification
NEEDS VERIFICATION,60,SISTEMA CLEAR RECT FOOD BOX 2 LTR,Sistema KLIP IT Food Storage Container / 2 L / Airtight & Stackable Meal Prep Container with Lid ...,9414202017000,-,B002ARYB8I,£3.43,£8.39,£0.12,3.60%,400,1:1 Match,£0.12,Brand match: SISTEMA,Needs verification
NEEDS VERIFICATION,60,FAIRY MAX POWER SOAP DISPENSING DISH BRUSH,Fairy Soap Dispensing Dish Brush,5010303194387,5010303180588,B0BYKDX25N,£1.73,£6.57,£0.06,2.76%,50,1:1 Match,£0.06,Brand match: FAIRY,Needs verification
NEEDS VERIFICATION,60,DOVE APA INVISIBLE DRY MENS 250ML PK6,Dove Men + Care Invisible Dry Antiperspirant Deodorant Aerosol 250 ml â€“ Case of 6,8711600533837,8711600533806,B0D47FBD1B,£14.10,£22.99,£0.17,1.37%,100,1:1 Match,£0.17,Brand match: DOVE,Needs verification
NEEDS VERIFICATION,60,STATUS 3WAY BASIC C/FREE SOCKET WHT 1PK CLAM,STATUS 2 Way Socket / 2 USB Port Cable Free Socket / S2W2USBCFS12,5022822194984,5022822207776,B08CVK7746,£3.49,£9.00,£0.04,1.16%,200,1:1 Match,£0.04,Brand match: STATUS,Needs verification
NEEDS VERIFICATION,60,PRICE & KENSINGTON 2 CUP TEAPOT MATT NAVY,Price & Kensington Black 6 Cup Teapot,5010853210520,5010853110851,B0013IUIPA,£5.45,£14.78,£0.05,0.92%,100,1:1 Match,£0.05,Brand match: PRICE,Needs verification
NEEDS VERIFICATION,60,SMART CHOICE TYRE RING DOG TOY,"Smart Choice Dog Toy Box, Grey",5052516201520,5052516213103,B0B8T9L8RY,£2.89,£8.95,£0.01,0.28%,100,1:1 Match,£0.01,Brand match: SMART,Needs verification
